,Job,Create,Start
0,a01,2023-10-14 08:17:29,2023-10-14 08:17:42
1,a02,2023-10-14 08:40:23,2023-10-14 08:45:31
2,a03,2023-10-14 07:46:53,2023-10-14 07:46:53
3,a04,2023-10-14 07:48:01,2023-10-14 07:48:45
4,b01,2023-10-14 07:44:55,2023-10-14 07:44:55
5,b02,2023-10-14 07:55:09,2023-10-14 08:00:17
6,b03,2023-10-14 08:17:52,2023-10-14 08:18:49
7,b04,2023-10-14 08:34:16,2023-10-14 08:34:16
8,c01,2023-10-14 08:11:43,2023-10-14 08:11:43
9,c02,2023-10-14 08:28:41,2023-10-14 08:33:50
10,c03,2023-10-14 08:18:56,2023-10-14 08:22:20
11,c04,2023-10-14 08:17:13,2023-10-14 08:17:13
12,d01,2023-10-14 08:34:36,2023-10-14 08:34:36
13,d02,2023-10-14 08:11:57,2023-10-14 08:16:50
14,d03,2023-10-14 07:45:44,2023-10-14 07:45:44
15,d04,2023-10-14 08:06:09,2023-10-14 08:11:17
16,e01,2023-10-14 08:34:53,2023-10-14 08:39:57
17,e02,2023-10-14 08:00:43,2023-10-14 08:05:43
18,e03,2023-10-14 07:48:53,2023-10-14 07:54:42
19,e04,2023-10-14 08:22:38,2023-10-14 08:28:15
